{
  "events": [
    {
      "date": "2025-08-15",
      "title": "Dégustation — Bourgogne pinot & chardonnay",
      "location": "Paris 12e — Salle associative",
      "details": "Focus climats, élevage et millésimes 2017–2020."
    },
    {
      "date": "2025-09-23",
      "title": "Atelier accords mets & vins d’automne",
      "location": "Restaurant partenaire",
      "details": "Champignons, volailles, jus corsés : qui sert qui ?"
    },
    {
      "date": "2025-10-23",
      "title": "Sortie domaine — Vallée de la Loire",
      "location": "Savennières & Anjou",
      "details": "Visites de caves et verticales de chenin sec."
    }
  ]
}