{
  "degustations": [
    {
      "date": "2025-08-10",
      "title": "Tour de Loire — Chenin vs Sauvignon",
      "region": "Loire",
      "cepages": [
        "Chenin",
        "Sauvignon blanc"
      ],
      "notes": "Comparatif tendu entre Vouvray sec, Savennières et Quincy. Les chenin gagnent sur la texture, les sauvignons sur l'aromatique.",
      "image": "assets/placeholder.jpg"
    },
    {
      "date": "2025-07-02",
      "title": "Soirée rosés sérieux",
      "region": "Provence & Bandol",
      "cepages": [
        "Mourvèdre",
        "Grenache",
        "Cinsault"
      ],
      "notes": "Bandol rosé 2023 : structure et salinité. Accord gagnant avec tapenade.",
      "image": "assets/placeholder.jpg"
    },
    {
      "date": "2025-06-12",
      "title": "Pinot Noir, latitude et attitude",
      "region": "Bourgogne & Alsace",
      "cepages": [
        "Pinot noir"
      ],
      "notes": "Volnay 2019 tout en dentelle, Pinot d'Alsace plus solaire mais précis.",
      "image": "assets/placeholder.jpg"
    }
  ]
}